{"accuracy": [0.7488176822662354, 0.776142954826355, 0.7836748957633972, 0.7884042859077454, 0.7966368794441223, 0.8087230920791626, 0.8111753463745117, 0.8227360248565674, 0.8300928473472595, 0.8332457542419434], "loss": [0.5371121168136597, 0.5007079839706421, 0.4833442270755768, 0.4697796702384949, 0.4638608992099762, 0.44365525245666504, 0.42479407787323, 0.4106254279613495, 0.40189969539642334, 0.37820902466773987], "val_accuracy": [0.7809873819351196, 0.793067216873169, 0.7914915680885315, 0.7804622054100037, 0.7867646813392639, 0.7972689270973206, 0.7883403301239014, 0.8009454011917114, 0.8088235259056091, 0.8014705777168274], "val_loss": [0.4847573935985565, 0.47386986017227173, 0.4676937162876129, 0.46742182970046997, 0.46309009194374084, 0.4611110985279083, 0.4726667106151581, 0.4622025191783905, 0.4737723767757416, 0.5117337703704834], "learning_rate": [0.0010000000474974513, 0.0010000000474974513, 0.0010000000474974513, 0.0010000000474974513, 0.0010000000474974513, 0.0010000000474974513, 0.0010000000474974513, 0.0010000000474974513, 0.0010000000474974513, 0.0010000000474974513]}