{"accuracy": [0.757750928401947, 0.7875284552574158, 0.7948852777481079, 0.8080224394798279, 0.8162550330162048, 0.8220353722572327, 0.8330705761909485, 0.8420038819313049, 0.8542652130126953, 0.8621475100517273], "loss": [0.5171560645103455, 0.47628819942474365, 0.45495760440826416, 0.43990662693977356, 0.4212660789489746, 0.4042963683605194, 0.38022303581237793, 0.3670264482498169, 0.3392786979675293, 0.3156667649745941], "val_accuracy": [0.7809873819351196, 0.7857142686843872, 0.7951680421829224, 0.799369752407074, 0.7977941036224365, 0.7998949289321899, 0.7951680421829224, 0.7967436909675598, 0.7983193397521973, 0.7998949289321899], "val_loss": [0.511763870716095, 0.4770926237106323, 0.47249311208724976, 0.47719606757164, 0.47512876987457275, 0.4650532007217407, 0.483597069978714, 0.49013495445251465, 0.4980719983577728, 0.5049303770065308], "learning_rate": [0.0010000000474974513, 0.0010000000474974513, 0.0010000000474974513, 0.0010000000474974513, 0.0010000000474974513, 0.0010000000474974513, 0.0010000000474974513, 0.0010000000474974513, 0.0010000000474974513, 0.0010000000474974513]}